"Consumer Price Index (CPI) statistics, measures of core inflation - Bank of Canada definitions, year-over-year percent change 1"
"Frequency: Monthly"
"Table: 18-10-0256-02"
"Release date: 2026-07-20"
"Geography: Canada"
""
""

"Geography","Canada",,,,,,,,,,,,,,,,,,,,,,,,,,,,,,,,,,,,,,,,,,,,,,,,,,,,,,,,,,,,
"Alternative measures","June 2021","July 2021","August 2021","September 2021","October 2021","November 2021","December 2021","January 2022","February 2022","March 2022","April 2022","May 2022","June 2022","July 2022","August 2022","September 2022","October 2022","November 2022","December 2022","January 2023","February 2023","March 2023","April 2023","May 2023","June 2023","July 2023","August 2023","September 2023","October 2023","November 2023","December 2023","January 2024","February 2024","March 2024","April 2024","May 2024","June 2024","July 2024","August 2024","September 2024","October 2024","November 2024","December 2024","January 2025","February 2025","March 2025","April 2025","May 2025","June 2025","July 2025","August 2025","September 2025","October 2025","November 2025","December 2025","January 2026","February 2026","March 2026","April 2026","May 2026","June 2026"
,"Percent",,,,,,,,,,,,,,,,,,,,,,,,,,,,,,,,,,,,,,,,,,,,,,,,,,,,,,,,,,,,
"Measure of core inflation based on a factor model, CPI-common (year-over-year percent change) 2 3 4 5","2.5","2.6","2.8","3.0","2.9","3.1","3.2","3.6","4.0","4.4","4.8","5.3","5.5","5.7","5.7","5.8","5.8","6.1","6.0","6.1","5.9","5.7","5.5","5.2","5.1","4.7","4.7","4.3","4.1","3.9","3.8","3.3","3.0","2.8","2.5","2.4","2.2","2.2","2.0","2.1","2.2","2.0","2.0","2.2","2.5","2.4","2.5","2.6","2.6","2.6","2.6","2.7","2.7","2.8","2.8","2.7","2.4","2.6","2.6","2.7","2.6"
"Measure of core inflation based on a weighted median approach, CPI-median (year-over-year percent change) 2 3 6 7 8","2.7","2.9","3.0","3.1","3.0","3.1","3.4","3.7","4.0","4.4","4.9","5.2","5.2","5.3","5.1","5.2","5.4","5.3","5.2","4.9","4.7","4.4","4.2","3.8","3.8","3.8","3.9","3.8","3.5","3.7","3.8","3.7","3.4","3.3","3.0","3.2","3.1","2.8","2.6","2.5","2.7","2.6","2.4","2.5","2.7","2.7","3.1","2.9","2.9","3.0","3.0","3.1","2.9","2.8","2.6","2.5","2.3","2.3","2.1","2.1","1.9"
"Measure of core inflation based on a trimmed mean approach, CPI-trim (year-over-year percent change) 2 3 6 8 9","2.8","3.2","3.4","3.5","3.5","3.6","4.0","4.2","4.5","5.0","5.3","5.6","5.7","5.6","5.4","5.5","5.5","5.4","5.2","5.0","4.7","4.2","4.1","3.6","3.6","3.5","3.8","3.5","3.4","3.5","3.7","3.4","3.2","3.2","2.9","3.1","3.0","2.8","2.6","2.6","2.8","2.7","2.5","2.8","2.9","2.9","3.1","3.0","3.1","3.1","3.0","3.1","3.0","2.9","2.7","2.4","2.3","2.2","2.0","2.0","1.8"




Footnotes:
1,"From April 2020 to November 2021, and from January 2022 to February 2022, certain sub-indexes and components thereof were imputed using special approaches in either one, or more months. The affected indexes include child care services; housekeeping services; air transportation; personal care services; recreational services; travel tours; spectator entertainment; use of recreational facilities and services; beer served in licensed establishments; wine served in licensed establishments, and liquor served in licensed establishments. The details of these treatments from April 2020 to March 2021 are provided in technical supplements available through the <a href="https://www150.statcan.gc.ca/n1/en/catalogue/62F0014M" rel="external noopener noreferrer" target="_blank">Prices Analytical Series(opens new window)</a>. Starting in April 2021, details and treatments are available upon request by contacting the <a href="mailto:statcan.cpddisseminationunit-dpcunitedediffusion.statcan@statcan.gc.ca" rel="external noopener noreferrer" target="_blank">Consumer Prices Division (opens new window)</a>."
2,"For more information on the measures of core inflation, please consult the <a href="https://www.statcan.gc.ca/eng/statistical-programs/document/2301_D64_T9_V2" rel="external noopener noreferrer" target="_blank">methodology (opens new window)</a> and <a href="https://www.statcan.gc.ca/eng/statistical-programs/document/2301_D63_T9_V2" rel="external noopener noreferrer" target="_blank">general information (opens new window)</a> documents found in our Definitions, data sources and methods - record number <a href="http://www.statcan.gc.ca/imdb-bmdi/2301-eng.htm" rel="external noopener noreferrer" target="_blank">2301 (opens new window)</a>."
3,"The Bank of Canada's measures of core inflation, CPI-common, CPI-median and CPI-trim, are subject to revision. In the case of CPI-median and CPI-trim, the revisions result from the fact that these measures are based on seasonally adjusted price index series. In the case of CPI-common, revisions are due to the statistical technique used, as the factor model is estimated over all available historical data. Table 18-10-0259-01 contains historical data for these three measures and is updated on a monthly basis."
4,"This measure is based on Consumer Price Index (CPI) series adjusted to remove the effect of changes in indirect taxes."
5,"CPI-common is a measure of core inflation that tracks common price changes across categories in the Consumer Price Index (CPI) basket."
6,"This measure is based on Consumer Price Index (CPI) series that have been treated to remove the effect of changes in indirect taxes, and that have been seasonally adjusted."
7,"CPI-median is a measure of core inflation corresponding to the price change located at the 50th percentile (in terms of the Consumer Price Index (CPI) basket weights) of the distribution of price changes in a given month."
8,"As of the January 2024 reference month, the CPI-trim and CPI-median year-over-year change indicators are calculated based on index values rounded to one decimal place. Previously, the year-over-year change indicators of these two measures of core inflation were calculated based on full precision (unrounded) index values. To eliminate incoherence, the year-over-year change figures for CPI-trim and CPI-median are now calculated based on index values rounded to one decimal place. As a result of this change, the historical year-over-year change figures for CPI-trim and CPI-median have been revised back to January 1990."
9,"CPI-trim is a measure of core inflation that excludes Consumer Price Index (CPI) components whose rates of change in a given month are located in the tails of the distribution of price changes."



"How to cite: Statistics Canada. Table 18-10-0256-02  Consumer Price Index (CPI) statistics, measures of core inflation - Bank of Canada definitions, year-over-year percent change"
https://www150.statcan.gc.ca/t1/tbl1/en/tv.action?pid=1810025602